unit,last_cycle,predicted_rul,due,run_date
1,31,120.3,False,2026-09-28
2,49,122.5,False,2026-09-28
3,126,40.5,False,2026-09-28
4,106,89.7,False,2026-09-28
5,98,96.5,False,2026-09-28
6,105,100.6,False,2026-09-28
7,160,112.6,False,2026-09-28
8,166,96.1,False,2026-09-28
9,55,120.4,False,2026-09-28
10,192,93.0,False,2026-09-28
11,83,100.6,False,2026-09-28
12,217,108.9,False,2026-09-28
13,195,91.6,False,2026-09-28
14,46,121.2,False,2026-09-28
15,76,102.6,False,2026-09-28
16,113,93.3,False,2026-09-28
17,165,51.5,False,2026-09-28
18,133,30.3,False,2026-09-28
19,135,92.5,False,2026-09-28
20,184,11.5,True,2026-09-28
21,148,65.3,False,2026-09-28
22,39,124.6,False,2026-09-28
23,130,118.5,False,2026-09-28
24,186,19.3,False,2026-09-28
25,48,120.8,False,2026-09-28
26,76,109.8,False,2026-09-28
27,140,88.8,False,2026-09-28
28,158,96.7,False,2026-09-28
29,171,106.8,False,2026-09-28
30,143,110.6,False,2026-09-28
31,196,8.0,True,2026-09-28
32,145,45.0,False,2026-09-28
33,50,120.2,False,2026-09-28
34,203,6.2,True,2026-09-28
35,198,12.0,True,2026-09-28
36,126,16.1,False,2026-09-28
37,121,23.8,False,2026-09-28
38,125,52.0,False,2026-09-28
39,37,124.5,False,2026-09-28
40,133,33.4,False,2026-09-28
41,123,23.3,False,2026-09-28
42,156,13.3,True,2026-09-28
43,172,77.8,False,2026-09-28
44,54,121.3,False,2026-09-28
45,152,73.7,False,2026-09-28
46,146,47.2,False,2026-09-28
47,73,109.5,False,2026-09-28
48,78,103.6,False,2026-09-28
49,303,16.3,False,2026-09-28
50,74,102.9,False,2026-09-28
51,144,96.1,False,2026-09-28
52,189,33.1,False,2026-09-28
53,164,28.0,False,2026-09-28
54,121,117.5,False,2026-09-28
55,113,110.7,False,2026-09-28
56,136,14.9,True,2026-09-28
57,160,101.0,False,2026-09-28
58,176,40.0,False,2026-09-28
59,94,110.3,False,2026-09-28
60,147,105.0,False,2026-09-28
61,159,20.2,False,2026-09-28
62,232,49.2,False,2026-09-28
63,155,77.1,False,2026-09-28
64,168,27.5,False,2026-09-28
65,71,123.4,False,2026-09-28
66,147,20.1,False,2026-09-28
67,71,108.1,False,2026-09-28
68,187,8.5,True,2026-09-28
69,54,120.0,False,2026-09-28
70,152,99.9,False,2026-09-28
71,68,110.8,False,2026-09-28
72,131,65.4,False,2026-09-28
73,112,110.2,False,2026-09-28
74,137,98.5,False,2026-09-28
75,88,106.8,False,2026-09-28
76,205,6.3,True,2026-09-28
77,162,29.8,False,2026-09-28
78,72,117.9,False,2026-09-28
79,101,80.8,False,2026-09-28
80,133,90.7,False,2026-09-28
81,213,6.8,True,2026-09-28
82,162,8.2,True,2026-09-28
83,73,124.3,False,2026-09-28
84,172,75.7,False,2026-09-28
85,34,125.2,False,2026-09-28
86,110,102.1,False,2026-09-28
87,56,111.9,False,2026-09-28
88,68,127.4,False,2026-09-28
89,177,115.4,False,2026-09-28
90,146,29.8,False,2026-09-28
91,234,30.6,False,2026-09-28
92,150,23.6,False,2026-09-28
93,244,57.1,False,2026-09-28
94,133,72.4,False,2026-09-28
95,89,110.1,False,2026-09-28
96,97,110.5,False,2026-09-28
97,134,87.3,False,2026-09-28
98,121,63.0,False,2026-09-28
99,97,113.4,False,2026-09-28
100,198,22.4,False,2026-09-28
